system:index,LST,NDVI,TCI,VCI,VHI,date,.geo
0,32.03579812883044,0.18516393124302988,0.45401461567530144,0.63250037091234,0.5432574932789719,2015-01-01,"{""type"":""MultiPoint"",""coordinates"":[]}"
2,32.474562467673444,0.1768764210771798,0.4419352042851854,0.6155279619108772,0.5287315831351946,2015-01-11,"{""type"":""MultiPoint"",""coordinates"":[]}"
3,32.79834950299015,0.16159437600369178,0.4400459368879791,0.5784367900469467,0.5092413634270744,2015-01-16,"{""type"":""MultiPoint"",""coordinates"":[]}"
5,35.494041276346124,0.16386216282155894,0.3877250289225295,0.5836785930189915,0.4857018108889024,2015-01-26,"{""type"":""MultiPoint"",""coordinates"":[]}"
6,34.75202355520673,0.16399789744135343,0.3889950077856792,0.5697327252321286,0.47936386653185814,2015-01-31,"{""type"":""MultiPoint"",""coordinates"":[]}"
7,33.03010767945105,0.14210979820327957,0.4451097314704917,0.562205836793908,0.5036577842260279,2015-02-05,"{""type"":""MultiPoint"",""coordinates"":[]}"
8,39.26400836426658,0.1515723353223058,0.32123144394842984,0.5518487445868941,0.4365400942264029,2015-02-10,"{""type"":""MultiPoint"",""coordinates"":[]}"
10,39.90868989385589,0.14078956560878492,0.3131925146854999,0.5248273836745262,0.41900994918194684,2015-02-20,"{""type"":""MultiPoint"",""coordinates"":[]}"
11,35.966727435746,0.1428291020726759,0.3586538377213869,0.5011154916474163,0.42988466458801244,2015-02-25,"{""type"":""MultiPoint"",""coordinates"":[]}"
13,41.49666687728607,0.14400904940292664,0.27864810969129566,0.5223965943125864,0.40052235201684594,2015-03-07,"{""type"":""MultiPoint"",""coordinates"":[]}"
14,46.045236891907834,0.16046884721159124,0.1860030234796053,0.5607010758847857,0.373352049729684,2015-03-12,"{""type"":""MultiPoint"",""coordinates"":[]}"
15,45.15851921009769,0.11317097244283819,0.23663045544416095,0.5005022029498117,0.36856632919698595,2015-03-17,"{""type"":""MultiPoint"",""coordinates"":[]}"
16,46.884355115276506,0.13026655455608155,0.19066105145374687,0.4985602911227159,0.34461067127993195,2015-03-22,"{""type"":""MultiPoint"",""coordinates"":[]}"
18,46.5044100827731,0.14074313199495442,0.19196700411568687,0.5229629156337599,0.3574649599244628,2015-04-01,"{""type"":""MultiPoint"",""coordinates"":[]}"
19,46.71516484474583,0.1289657948796884,0.20263005871960696,0.5261679304097738,0.3643989945428185,2015-04-06,"{""type"":""MultiPoint"",""coordinates"":[]}"
21,44.94624176062702,0.14642669411689274,0.219186572092739,0.5346027458496241,0.3768946590084553,2015-04-16,"{""type"":""MultiPoint"",""coordinates"":[]}"
22,38.924075364656694,0.13386844118655708,0.3159400274725826,0.48100080583553506,0.3984704166866762,2015-04-21,"{""type"":""MultiPoint"",""coordinates"":[]}"
23,50.406912671709364,0.14679254341010708,0.1417538229114652,0.5701324262815477,0.3559431246078374,2015-04-26,"{""type"":""MultiPoint"",""coordinates"":[]}"
24,48.671720108860434,0.14251801106250442,0.1539976613977004,0.5260557291295125,0.3400266952316494,2015-05-01,"{""type"":""MultiPoint"",""coordinates"":[]}"
26,49.92561723022551,0.1386224814795763,0.11669098256009412,0.5083484023317635,0.31251969237741795,2015-05-11,"{""type"":""MultiPoint"",""coordinates"":[]}"
27,44.711646532378026,0.14217439326909334,0.22176637600211702,0.526889742488898,0.37432805925918883,2015-05-16,"{""type"":""MultiPoint"",""coordinates"":[]}"
29,43.3086510340974,0.13396269616725714,0.2495760846773949,0.505495013934946,0.3775355493203218,2015-05-26,"{""type"":""MultiPoint"",""coordinates"":[]}"
30,35.2319139757789,0.1660432703293451,0.3756758229955507,0.5853925595967917,0.48053419134156977,2015-05-31,"{""type"":""MultiPoint"",""coordinates"":[]}"
31,22.055660815877378,0.10447982217027099,0.6203023862307441,0.4779552504058593,0.5491288183183022,2015-06-05,"{""type"":""MultiPoint"",""coordinates"":[]}"
32,31.29111089403855,0.13316677712075473,0.46758238697459786,0.5454902833841142,0.5065363351357562,2015-06-10,"{""type"":""MultiPoint"",""coordinates"":[]}"
35,29.167572214992056,0.12810645625820205,0.5053480909960852,0.50978753514638,0.507567813082911,2015-06-25,"{""type"":""MultiPoint"",""coordinates"":[]}"
37,30.476954610466088,0.14045525827675287,0.4701909590289714,0.5293382717468336,0.4997646153561543,2015-07-05,"{""type"":""MultiPoint"",""coordinates"":[]}"
38,41.098981222575,0.15203873906936258,0.27622331665350097,0.5418180641417671,0.4090206903830336,2015-07-10,"{""type"":""MultiPoint"",""coordinates"":[]}"
39,1.1807578685093356,0.16883416971342163,0.9445046392930246,0.6141639467782879,0.7793342933034836,2015-07-15,"{""type"":""MultiPoint"",""coordinates"":[]}"
40,27.99095436434476,0.18781688160610066,0.5055403217328145,0.6296164498444362,0.567578385808876,2015-07-20,"{""type"":""MultiPoint"",""coordinates"":[]}"
42,37.1980607167384,0.14659397805524055,0.3509221847173657,0.5325251304662536,0.4417236575961094,2015-07-30,"{""type"":""MultiPoint"",""coordinates"":[]}"
43,29.407916338680067,0.07830696908876382,0.4973605176962562,0.43926116703590756,0.468310842355493,2015-08-04,"{""type"":""MultiPoint"",""coordinates"":[]}"
45,35.45488905252453,0.11985580508382324,0.3755823955938064,0.48765833952692134,0.43162036753489696,2015-08-14,"{""type"":""MultiPoint"",""coordinates"":[]}"
46,35.00414609791331,0.18733500171985856,0.373052848361601,0.6117783441362618,0.49241559621986053,2015-08-19,"{""type"":""MultiPoint"",""coordinates"":[]}"
47,31.921948155893446,0.11202209019887868,0.46482731901154917,0.5074704010378576,0.4861488600247032,2015-08-24,"{""type"":""MultiPoint"",""coordinates"":[]}"
48,14.02284675776023,0.12635502249330707,0.7440630286164268,0.5113806186053911,0.6277218235980244,2015-08-29,"{""type"":""MultiPoint"",""coordinates"":[]}"
50,30.561581651228714,0.10043980906450875,0.4863940079624403,0.4682903872166413,0.4773421975895408,2015-09-08,"{""type"":""MultiPoint"",""coordinates"":[]}"
53,49.07464812059967,0.19913100391905947,0.14493881926526408,0.6719267207105138,0.4084327699684583,2015-09-23,"{""type"":""MultiPoint"",""coordinates"":[]}"
54,33.82318417396246,0.13816358503371765,0.4069496399839607,0.5181891800457497,0.46256941001638746,2015-09-28,"{""type"":""MultiPoint"",""coordinates"":[]}"
55,23.612661072448386,0.16966216330874384,0.5848955247503715,0.6476969464230408,0.6162962355697695,2015-10-03,"{""type"":""MultiPoint"",""coordinates"":[]}"
56,37.47818324403868,0.21602261173660461,0.34526263328228657,0.7103418563138533,0.5278022446932518,2015-10-08,"{""type"":""MultiPoint"",""coordinates"":[]}"
58,40.6571843332277,0.19906411025139276,0.3016615774148142,0.676011645043632,0.4888366112004174,2015-10-18,"{""type"":""MultiPoint"",""coordinates"":[]}"
59,33.145242919064486,0.20969077591984156,0.4300158399962616,0.7036819824325397,0.5668489112320685,2015-10-23,"{""type"":""MultiPoint"",""coordinates"":[]}"
61,47.103540043785365,0.20090484140792697,0.18241062902562546,0.6747452941906117,0.42857796161114015,2015-11-02,"{""type"":""MultiPoint"",""coordinates"":[]}"
62,38.31940829992628,0.20585755124459987,0.3518961579323712,0.7194454079581055,0.5356707828716669,2015-11-07,"{""type"":""MultiPoint"",""coordinates"":[]}"
63,36.21659341586655,0.18473656523661036,0.39253732667821933,0.6556380734793765,0.5240877000787977,2015-11-12,"{""type"":""MultiPoint"",""coordinates"":[]}"
64,32.89394723468116,0.21411349482747155,0.4142528844584232,0.6798774482407961,0.5470651663973997,2015-11-17,"{""type"":""MultiPoint"",""coordinates"":[]}"
66,38.11365667185605,0.21195986034528372,0.3409474483941829,0.6999607121305047,0.5204540802652549,2015-11-27,"{""type"":""MultiPoint"",""coordinates"":[]}"
67,31.407210576652922,0.20830437691273923,0.4603246836237551,0.6904117813513951,0.5753682324815397,2015-12-02,"{""type"":""MultiPoint"",""coordinates"":[]}"
69,40.00662264932985,0.19963587549775536,0.3078787850898672,0.670162336871586,0.489020560942953,2015-12-12,"{""type"":""MultiPoint"",""coordinates"":[]}"
70,35.55385501092815,0.16564083799755244,0.3780931696238812,0.5710409165640261,0.4745670431188968,2015-12-17,"{""type"":""MultiPoint"",""coordinates"":[]}"
71,39.335916974207485,0.18258042935460006,0.3341545101955599,0.6547677772609435,0.49446114366296845,2015-12-22,"{""type"":""MultiPoint"",""coordinates"":[]}"
72,36.08956846122192,0.17987051620090053,0.37709038268012235,0.6198779682380244,0.498484175403075,2015-12-27,"{""type"":""MultiPoint"",""coordinates"":[]}"
74,35.697606107212025,0.1623535828334216,0.38679170359166265,0.5773448217399217,0.4820682626332079,2016-01-06,"{""type"":""MultiPoint"",""coordinates"":[]}"
75,33.61438090829831,0.1568997542512041,0.4215341494253213,0.563117775917552,0.492325962646566,2016-01-11,"{""type"":""MultiPoint"",""coordinates"":[]}"
77,31.98417083974027,0.14606139501423918,0.4467193745467998,0.5351790130680968,0.4909491937877108,2016-01-21,"{""type"":""MultiPoint"",""coordinates"":[]}"
78,38.66574164456255,0.15891997361426416,0.3191456140543093,0.555982884565537,0.4375642492993764,2016-01-26,"{""type"":""MultiPoint"",""coordinates"":[]}"
79,39.388343830593215,0.12095313139839206,0.3346701524045154,0.5068555633205296,0.42076285786252254,2016-01-31,"{""type"":""MultiPoint"",""coordinates"":[]}"
80,40.51347707608492,0.13386805817020672,0.3029198839325692,0.5083275052542456,0.4056236945636067,2016-02-05,"{""type"":""MultiPoint"",""coordinates"":[]}"
82,41.69965210447719,0.13389682993152793,0.27600332014245965,0.5046963171933498,0.39034981863548934,2016-02-15,"{""type"":""MultiPoint"",""coordinates"":[]}"
83,42.92305102650779,0.12739780008893434,0.2614911357045553,0.4906738552755933,0.37608249549113737,2016-02-20,"{""type"":""MultiPoint"",""coordinates"":[]}"
85,41.261042464819205,0.13615986703726554,0.2742144989431533,0.5030537753003541,0.38863413711416755,2016-03-01,"{""type"":""MultiPoint"",""coordinates"":[]}"
86,45.29429317102927,0.12236938102609636,0.20095538118072168,0.4610237617570684,0.3309895714320858,2016-03-06,"{""type"":""MultiPoint"",""coordinates"":[]}"
87,51.726299244932164,0.13543585342897194,0.12116684191885084,0.5454272970061604,0.3332970694928235,2016-03-11,"{""type"":""MultiPoint"",""coordinates"":[]}"
88,48.465205099476805,0.12489273075634863,0.15649860640106464,0.4810658191386492,0.3187822128072716,2016-03-16,"{""type"":""MultiPoint"",""coordinates"":[]}"
90,50.34536612009048,0.11940069075844971,0.1288467529922014,0.47152950082504475,0.3001881269395144,2016-03-26,"{""type"":""MultiPoint"",""coordinates"":[]}"
91,45.427163840389504,0.11183629833591692,0.21509522818188853,0.4519398919178211,0.3335175600496635,2016-03-31,"{""type"":""MultiPoint"",""coordinates"":[]}"
93,53.062162960464896,0.11967201521335065,0.08054079442611946,0.4723369885457873,0.27643889153686285,2016-04-10,"{""type"":""MultiPoint"",""coordinates"":[]}"
94,54.1702380861717,0.13684959074707334,0.038643095307177106,0.5009023300284986,0.2697727127038989,2016-04-15,"{""type"":""MultiPoint"",""coordinates"":[]}"
95,56.24052251797681,0.09834637915131733,0.04667064950738655,0.4524156666621346,0.2495431580847605,2016-04-20,"{""type"":""MultiPoint"",""coordinates"":[]}"
96,53.885585380336124,0.11610784368949909,0.06532586504651475,0.4631523157920021,0.2642390904098592,2016-04-25,"{""type"":""MultiPoint"",""coordinates"":[]}"
98,53.90829404445516,0.11971671347993969,0.058049911350419175,0.4686452308706773,0.2633475711073025,2016-05-05,"{""type"":""MultiPoint"",""coordinates"":[]}"
99,48.34190378190264,0.11006568787252523,0.16019492262853255,0.4396665321875305,0.2999307274258862,2016-05-10,"{""type"":""MultiPoint"",""coordinates"":[]}"
101,41.19044294453194,0.12025337323034362,0.2879080109325633,0.4728973495466447,0.380402680221628,2016-05-20,"{""type"":""MultiPoint"",""coordinates"":[]}"
102,42.01091367043647,0.1002281063383842,0.256354478951548,0.38754262700520686,0.32194855298883956,2016-05-25,"{""type"":""MultiPoint"",""coordinates"":[]}"
103,56.47541361547401,0.13420060729014047,0.03914357818674382,0.5436701883669169,0.29140688322619596,2016-05-30,"{""type"":""MultiPoint"",""coordinates"":[]}"
104,31.549420607775282,0.11477271437089925,0.48217239343654367,0.47502352186132585,0.4785979577280377,2016-06-04,"{""type"":""MultiPoint"",""coordinates"":[]}"
106,31.624701137617514,0.14456914412883334,0.46346301937205747,0.5597350521994259,0.5115990358355884,2016-06-14,"{""type"":""MultiPoint"",""coordinates"":[]}"
109,17.4810305083245,0.15045563237611798,0.7074343117671784,0.5763893279323262,0.6419118197911463,2016-06-29,"{""type"":""MultiPoint"",""coordinates"":[]}"
111,10.55234893129034,0.1431848348208493,0.7474136423152989,0.5320864329726426,0.6397500376439709,2016-07-09,"{""type"":""MultiPoint"",""coordinates"":[]}"
112,11.528203510305998,0.05879000353712539,0.7818230768935465,0.3108917486929794,0.5463574128028704,2016-07-14,"{""type"":""MultiPoint"",""coordinates"":[]}"
115,6.556871492272745,0.29750919054177677,0.8984363071104017,0.8491968498988585,0.8738165787621868,2016-07-29,"{""type"":""MultiPoint"",""coordinates"":[]}"
117,30.415127255681778,0.20994856271954332,0.46897421242972953,0.7003091346654771,0.5846416734807983,2016-08-08,"{""type"":""MultiPoint"",""coordinates"":[]}"
118,34.35165317881399,0.18567930491028695,0.39743437012890337,0.6310547275126934,0.51424454884785,2016-08-13,"{""type"":""MultiPoint"",""coordinates"":[]}"
119,29.754752142150004,0.2155091653099126,0.495452769699475,0.7200574050184196,0.6077550874375603,2016-08-18,"{""type"":""MultiPoint"",""coordinates"":[]}"
120,17.836562897172332,0.12048898870132874,0.6905862622395694,0.5229010149682148,0.6067436386038919,2016-08-23,"{""type"":""MultiPoint"",""coordinates"":[]}"
122,32.254512101116624,0.18011780678546768,0.4589450007772914,0.6374033890938783,0.5481741949261298,2016-09-02,"{""type"":""MultiPoint"",""coordinates"":[]}"
123,21.67506911518512,0.24139562930752392,0.6000395126576055,0.7562696779064645,0.6781545953952627,2016-09-07,"{""type"":""MultiPoint"",""coordinates"":[]}"
125,31.731633658292054,0.19954631592561708,0.46149113427357863,0.6618493810943601,0.5616702576457631,2016-09-17,"{""type"":""MultiPoint"",""coordinates"":[]}"
126,20.149343808928588,0.29210333712399006,0.6356587797455625,0.810185372297253,0.7229220758116445,2016-09-22,"{""type"":""MultiPoint"",""coordinates"":[]}"
128,35.62598047861343,0.20294258102510032,0.39954715320943646,0.6918788187771405,0.5457129859824864,2016-10-02,"{""type"":""MultiPoint"",""coordinates"":[]}"
130,40.271374167982685,0.19439150510402015,0.30833056755908317,0.6728853048526514,0.49060793619099036,2016-10-12,"{""type"":""MultiPoint"",""coordinates"":[]}"
131,41.355217091542784,0.19630810398922682,0.28872618617444307,0.6659351751880664,0.47733068068258894,2016-10-17,"{""type"":""MultiPoint"",""coordinates"":[]}"
133,35.657745438144254,0.18388204693463533,0.38659415270675124,0.6345296327842833,0.5105618927514082,2016-10-27,"{""type"":""MultiPoint"",""coordinates"":[]}"
134,41.23375149837078,0.18403725712333788,0.2705237546256591,0.6169527183364814,0.44373823646537885,2016-11-01,"{""type"":""MultiPoint"",""coordinates"":[]}"
135,40.44256376300102,0.17534897993588405,0.317014743237895,0.6412998345340073,0.47915728881030234,2016-11-06,"{""type"":""MultiPoint"",""coordinates"":[]}"
136,37.42101764566482,0.17078985792427206,0.3520684562155303,0.601610699781002,0.4768395780535399,2016-11-11,"{""type"":""MultiPoint"",""coordinates"":[]}"
138,38.05758607203662,0.17659197956602266,0.345000478237855,0.6162517069602336,0.48062609259809747,2016-11-21,"{""type"":""MultiPoint"",""coordinates"":[]}"
139,30.34650257078011,0.16083400467832923,0.4722489677569829,0.5710679206425398,0.5216584442143852,2016-11-26,"{""type"":""MultiPoint"",""coordinates"":[]}"
141,35.71301132475606,0.15936881235630865,0.3861022438531618,0.5708036240081293,0.4784529338924393,2016-12-06,"{""type"":""MultiPoint"",""coordinates"":[]}"
142,37.72467328800818,0.16914920690870378,0.3377831137604137,0.5848247944540461,0.461303954046519,2016-12-11,"{""type"":""MultiPoint"",""coordinates"":[]}"
143,41.932536719894905,0.13484289323920684,0.2897460705777412,0.5402783196150635,0.41501219509640186,2016-12-16,"{""type"":""MultiPoint"",""coordinates"":[]}"
144,37.207821810965385,0.1559029562489538,0.3611038296925024,0.5650790706424423,0.46309145016566455,2016-12-21,"{""type"":""MultiPoint"",""coordinates"":[]}"
146,35.953030733021485,0.15262478266627127,0.3801601537896152,0.5547442609679883,0.467452207414179,2016-12-31,"{""type"":""MultiPoint"",""coordinates"":[]}"
147,35.43308349562149,0.14571947875370078,0.392447798369939,0.5399232118390979,0.46618550507035494,2017-01-05,"{""type"":""MultiPoint"",""coordinates"":[]}"
149,35.42461802097492,0.14199518697293115,0.38847629585461413,0.5280955452737556,0.4582859205885438,2017-01-15,"{""type"":""MultiPoint"",""coordinates"":[]}"
150,34.99349735015161,0.14891112933292783,0.3838405676785048,0.5337679669705564,0.45880426731362073,2017-01-20,"{""type"":""MultiPoint"",""coordinates"":[]}"
151,38.5858783903016,0.13473318190667527,0.34701940733691206,0.5447547250516828,0.44588706621731833,2017-01-25,"{""type"":""MultiPoint"",""coordinates"":[]}"
152,39.71670505454792,0.14489595247528206,0.3125110291704494,0.5348307941924361,0.42367091169432053,2017-01-30,"{""type"":""MultiPoint"",""coordinates"":[]}"
154,39.59092064583511,0.13996543318849028,0.31754571354491323,0.5252560840884835,0.42140089885138693,2017-02-09,"{""type"":""MultiPoint"",""coordinates"":[]}"
155,39.58415638332595,0.14191956799986735,0.31541131301071224,0.5257351177877546,0.42057321544390575,2017-02-14,"{""type"":""MultiPoint"",""coordinates"":[]}"
157,41.476670969360306,0.13481358138626756,0.28233976044113984,0.5082958685296681,0.3953178144767847,2017-02-24,"{""type"":""MultiPoint"",""coordinates"":[]}"
158,39.53488354081895,0.15717970556975122,0.29430112292834243,0.5544330173116593,0.42436707016722064,2017-03-01,"{""type"":""MultiPoint"",""coordinates"":[]}"
159,45.96055981599694,0.11149433080389648,0.22348780794402676,0.48341251442507466,0.3534501611845508,2017-03-06,"{""type"":""MultiPoint"",""coordinates"":[]}"
160,50.74955977743803,0.1286758812271406,0.13852823432614517,0.5302423138913352,0.3343852741148397,2017-03-11,"{""type"":""MultiPoint"",""coordinates"":[]}"
162,45.96332573669028,0.13806269983260397,0.20065793147419483,0.5158234224069281,0.3582406768875317,2017-03-21,"{""type"":""MultiPoint"",""coordinates"":[]}"
163,47.90105427303829,0.1318848732708019,0.17092549589965397,0.5011166317773472,0.33602106382812924,2017-03-26,"{""type"":""MultiPoint"",""coordinates"":[]}"
165,45.437879324258766,0.1415014593069896,0.20372853769428756,0.5212049730497721,0.36246675539623424,2017-04-05,"{""type"":""MultiPoint"",""coordinates"":[]}"
166,47.81324149935693,0.1263349823168722,0.15358814429200604,0.46473012663648566,0.3091591354819571,2017-04-10,"{""type"":""MultiPoint"",""coordinates"":[]}"
167,49.047714089506535,0.13167719716434922,0.16598582661872796,0.5369574690389828,0.35147164782261336,2017-04-15,"{""type"":""MultiPoint"",""coordinates"":[]}"
168,48.79528833068588,0.1346472290005647,0.15126415495396564,0.5074300596148804,0.32934710730006433,2017-04-20,"{""type"":""MultiPoint"",""coordinates"":[]}"
170,50.38386856420108,0.12989646168682367,0.1269531606012747,0.500155166207019,0.31355416338877423,2017-04-30,"{""type"":""MultiPoint"",""coordinates"":[]}"
171,43.46414685064993,0.1359511974504648,0.2456052123002034,0.5126570108799792,0.3791311115688671,2017-05-05,"{""type"":""MultiPoint"",""coordinates"":[]}"
173,39.65543840781026,0.13249257540046375,0.3140697893388813,0.502862378294335,0.4084660838244243,2017-05-15,"{""type"":""MultiPoint"",""coordinates"":[]}"
174,39.95765086065379,0.1770695456223894,0.288525790222936,0.5287870905620533,0.4086564402566976,2017-05-20,"{""type"":""MultiPoint"",""coordinates"":[]}"
175,50.68645487938717,0.10956597305102729,0.1401556726225941,0.49402665699894754,0.31709116481077076,2017-05-25,"{""type"":""MultiPoint"",""coordinates"":[]}"
176,50.412260817791875,0.1328821856076132,0.14521872516860038,0.5399377671664934,0.34257824622454913,2017-05-30,"{""type"":""MultiPoint"",""coordinates"":[]}"
178,14.13001909181654,0.14835479235428192,0.7370522412339294,0.5326742357136252,0.6348632384713184,2017-06-09,"{""type"":""MultiPoint"",""coordinates"":[]}"
179,34.32356877243511,0.16587152052265222,0.4075062088359878,0.6041980946068669,0.5058521515431651,2017-06-14,"{""type"":""MultiPoint"",""coordinates"":[]}"
181,32.71479650494009,0.161742222239803,0.41933980396717174,0.5753433171891135,0.49734156052916667,2017-06-24,"{""type"":""MultiPoint"",""coordinates"":[]}"
182,34.43149979995635,0.07530541265000967,0.41176717374932437,0.413105249856532,0.41243621178098727,2017-06-29,"{""type"":""MultiPoint"",""coordinates"":[]}"
183,15.612029817447564,0.14982496569838175,0.754466906712155,0.5759626306659831,0.6652147686288141,2017-07-04,"{""type"":""MultiPoint"",""coordinates"":[]}"
187,23.225161563592575,0.10188493721438162,0.6128444508954473,0.48191458916587554,0.5473795200315245,2017-07-24,"{""type"":""MultiPoint"",""coordinates"":[]}"
189,26.982152772058576,0.13332527531071042,0.5303989381379955,0.5108175081195515,0.520608222909711,2017-08-03,"{""type"":""MultiPoint"",""coordinates"":[]}"
190,8.124434077051466,0.15544581012308603,0.8154564146029187,0.5474949508094379,0.6814756826495585,2017-08-08,"{""type"":""MultiPoint"",""coordinates"":[]}"
191,8.955402280516498,0.08510905627120395,0.8207925538848626,0.47018256949009196,0.6454875616874773,2017-08-13,"{""type"":""MultiPoint"",""coordinates"":[]}"
192,35.32161499090766,0.17392850745285163,0.39994982199425017,0.6325803737561411,0.5162650978975635,2017-08-18,"{""type"":""MultiPoint"",""coordinates"":[]}"
195,15.51352555419128,0.12368513439884221,0.7178325496261247,0.43354258917349575,0.5756875694770385,2017-09-02,"{""type"":""MultiPoint"",""coordinates"":[]}"
197,37.028952228661204,0.21591721105268857,0.34951940434127404,0.704031784453451,0.5267755943865525,2017-09-12,"{""type"":""MultiPoint"",""coordinates"":[]}"
199,32.41317284493468,0.23882126199016981,0.44940115054632945,0.7430429391376532,0.5962220447578339,2017-09-22,"{""type"":""MultiPoint"",""coordinates"":[]}"
200,19.700325068267006,0.1992733448155603,0.67386874257272,0.6326280057329392,0.65324837415283,2017-09-27,"{""type"":""MultiPoint"",""coordinates"":[]}"
202,24.137744163278732,0.13040073468584393,0.5937799977219235,0.5430352366738365,0.5684076173430808,2017-10-07,"{""type"":""MultiPoint"",""coordinates"":[]}"
203,23.33566664490819,0.22770461332344683,0.5783242430876198,0.7340951061547001,0.6562096746886191,2017-10-12,"{""type"":""MultiPoint"",""coordinates"":[]}"
205,33.44951185773175,0.20383257698587062,0.423009575063184,0.702329245835637,0.5626694104310757,2017-10-22,"{""type"":""MultiPoint"",""coordinates"":[]}"
206,33.2158950168506,0.23437278199164918,0.4164978008750351,0.7519079525362125,0.5842028766833317,2017-10-27,"{""type"":""MultiPoint"",""coordinates"":[]}"
207,38.95711386520806,0.1983470161558317,0.33989403370889576,0.6926426205707421,0.5162683271122586,2017-11-01,"{""type"":""MultiPoint"",""coordinates"":[]}"
208,36.216102542246226,0.20029051191308714,0.3768359675840202,0.6741568694052199,0.5254964184961854,2017-11-06,"{""type"":""MultiPoint"",""coordinates"":[]}"
210,37.394773640726285,0.20861970552720463,0.3537239222857261,0.6924645619156965,0.5230942421117061,2017-11-16,"{""type"":""MultiPoint"",""coordinates"":[]}"
211,37.34763366918529,0.20041811922371267,0.3408944076425855,0.6578245223870564,0.49935946497720446,2017-11-21,"{""type"":""MultiPoint"",""coordinates"":[]}"
213,28.466341861952312,0.16511463985253794,0.5099223351328988,0.5869559155793166,0.5484391253509322,2017-12-01,"{""type"":""MultiPoint"",""coordinates"":[]}"
214,32.58850046263956,0.18903996422924657,0.42926071842371144,0.6265526176464994,0.5279066680463878,2017-12-06,"{""type"":""MultiPoint"",""coordinates"":[]}"
215,37.25341792067682,0.19614626657269563,0.3698088202670386,0.686605906119709,0.5282073632057559,2017-12-11,"{""type"":""MultiPoint"",""coordinates"":[]}"
216,29.191985886827425,0.18544417672869398,0.5037936029093403,0.6459294218937082,0.5748615123689674,2017-12-16,"{""type"":""MultiPoint"",""coordinates"":[]}"
218,32.33954717208809,0.18353001087387816,0.4451231294654729,0.6308172995205283,0.5379702144347653,2017-12-26,"{""type"":""MultiPoint"",""coordinates"":[]}"
219,33.135311105417614,0.17397095744426588,0.429234972791248,0.6062144913903824,0.5177247320209295,2017-12-31,"{""type"":""MultiPoint"",""coordinates"":[]}"
221,36.67422926423314,0.17053322250720482,0.36848113851334546,0.5989097959376861,0.48369546715662926,2018-01-10,"{""type"":""MultiPoint"",""coordinates"":[]}"
222,34.335254681565566,0.1733412059986538,0.39754800606421703,0.5975726763098289,0.4975603412367097,2018-01-15,"{""type"":""MultiPoint"",""coordinates"":[]}"
223,36.23232765213943,0.1385709959580066,0.3892079173634227,0.5509138205439402,0.470060868953681,2018-01-20,"{""type"":""MultiPoint"",""coordinates"":[]}"
224,34.79332408814866,0.14932445718132614,0.4022859860230113,0.5470221179302325,0.47465405202310196,2018-01-25,"{""type"":""MultiPoint"",""coordinates"":[]}"
226,36.71600101738397,0.15095893704800264,0.36640825845419595,0.5507627514671345,0.4585855049797311,2018-02-04,"{""type"":""MultiPoint"",""coordinates"":[]}"
227,36.84047786312002,0.14343754140842413,0.36900548382958875,0.5378566043573874,0.4534310440195574,2018-02-09,"{""type"":""MultiPoint"",""coordinates"":[]}"
229,39.54113119006271,0.1430201131029477,0.3159251796040451,0.5304734373066815,0.423199308466488,2018-02-19,"{""type"":""MultiPoint"",""coordinates"":[]}"
230,40.61102474177065,0.14004131586004395,0.2837955063477591,0.5015774805392171,0.39268649341487505,2018-02-24,"{""type"":""MultiPoint"",""coordinates"":[]}"
231,43.693169289721475,0.13209196349188085,0.26019588340657407,0.5393877742619377,0.3997918288526936,2018-03-01,"{""type"":""MultiPoint"",""coordinates"":[]}"
232,42.119289445430105,0.13735548706974696,0.2700419591747082,0.5156389780781707,0.3928404686396412,2018-03-06,"{""type"":""MultiPoint"",""coordinates"":[]}"
234,45.07290470748582,0.13955883602641384,0.23638272301531002,0.5562242596439329,0.396303491256352,2018-03-16,"{""type"":""MultiPoint"",""coordinates"":[]}"
235,46.93504446455,0.13689605658802131,0.18472219347615548,0.5145223698674998,0.3496222816767428,2018-03-21,"{""type"":""MultiPoint"",""coordinates"":[]}"
237,47.381467414349856,0.13383763809481344,0.18139606967422223,0.5091273030137851,0.3452616863401531,2018-03-31,"{""type"":""MultiPoint"",""coordinates"":[]}"
238,50.00145314310137,0.16035800559667446,0.11498041521450238,0.560974414202672,0.3379774146563818,2018-04-05,"{""type"":""MultiPoint"",""coordinates"":[]}"
239,47.53900062357484,0.10847664201630063,0.1930928411401631,0.48146358385342686,0.33727821249679507,2018-04-10,"{""type"":""MultiPoint"",""coordinates"":[]}"
240,42.76907899439065,0.13507047846384285,0.2666845545789374,0.5119354280407394,0.3893099913047573,2018-04-15,"{""type"":""MultiPoint"",""coordinates"":[]}"
242,48.61615341550953,0.14137142148177703,0.15415260614015522,0.5254274298895772,0.33979001802407804,2018-04-25,"{""type"":""MultiPoint"",""coordinates"":[]}"
243,42.1124159124774,0.12856580206317145,0.27778898342833264,0.49493613841960105,0.3863625608986134,2018-04-30,"{""type"":""MultiPoint"",""coordinates"":[]}"
245,37.36463190630778,0.1337763754920934,0.35271815849192817,0.5188511597796481,0.43578465920704934,2018-05-10,"{""type"":""MultiPoint"",""coordinates"":[]}"
246,42.43651686459566,0.13518416133432917,0.2522592467285359,0.4944948898027397,0.37337706829266354,2018-05-15,"{""type"":""MultiPoint"",""coordinates"":[]}"
247,31.097165419954752,0.11542551257462345,0.4911031409853071,0.48668223789923243,0.4888926893871059,2018-05-20,"{""type"":""MultiPoint"",""coordinates"":[]}"
248,22.275490502677048,0.13530404648204378,0.627824213679957,0.5787354801409343,0.6032798469453311,2018-05-25,"{""type"":""MultiPoint"",""coordinates"":[]}"
250,39.33978381385725,0.15006521203477668,0.3217778101364166,0.5584981602094963,0.4401379851863504,2018-06-04,"{""type"":""MultiPoint"",""coordinates"":[]}"
251,33.351462417721834,0.13823530249170055,0.42376819645647373,0.5357350943939289,0.47975164545162724,2018-06-09,"{""type"":""MultiPoint"",""coordinates"":[]}"
253,28.75373325911634,0.12144739942312248,0.4977624583511025,0.5140148633291247,0.5058886608836203,2018-06-19,"{""type"":""MultiPoint"",""coordinates"":[]}"
266,35.57115163617839,0.15084671436134886,0.4040654612905659,0.5899020676940329,0.4969837646675888,2018-08-23,"{""type"":""MultiPoint"",""coordinates"":[]}"
267,31.760528692601326,0.21103854228737087,0.44513263015738425,0.6920094810306641,0.5685710557032698,2018-08-28,"{""type"":""MultiPoint"",""coordinates"":[]}"
269,39.89586097783817,0.16693089145614667,0.31648546663035637,0.6102468041367843,0.4633661354240779,2018-09-07,"{""type"":""MultiPoint"",""coordinates"":[]}"
270,40.91742272703276,0.2102980746319645,0.2809596778032583,0.6848170874136498,0.48288838256874894,2018-09-12,"{""type"":""MultiPoint"",""coordinates"":[]}"
272,41.9290029204906,0.17044501359747824,0.2812851131179295,0.6125642008638417,0.44692465697241057,2018-09-22,"{""type"":""MultiPoint"",""coordinates"":[]}"
274,39.916961332800085,0.19652941480778888,0.308348679074396,0.6683146921591795,0.48833168556604506,2018-10-02,"{""type"":""MultiPoint"",""coordinates"":[]}"
275,41.8585839217163,0.17606989448668287,0.2915261925084263,0.6389412598231261,0.4652337261755211,2018-10-07,"{""type"":""MultiPoint"",""coordinates"":[]}"
277,37.06614495785407,0.18482533784620464,0.3603231530200765,0.6452029882184404,0.5027630706559517,2018-10-17,"{""type"":""MultiPoint"",""coordinates"":[]}"
278,37.66428204991067,0.191932353447413,0.3385967476591626,0.6508097365311338,0.4947032421409576,2018-10-22,"{""type"":""MultiPoint"",""coordinates"":[]}"
279,42.627431240543714,0.1664329359027711,0.2774719651620647,0.6196689831801596,0.44857047416635404,2018-10-27,"{""type"":""MultiPoint"",""coordinates"":[]}"
280,40.52929203725639,0.15129840495914698,0.31548498932363417,0.5734301419656274,0.44445756563911004,2018-11-01,"{""type"":""MultiPoint"",""coordinates"":[]}"
282,39.46888069267973,0.17577698807907058,0.3214742104715434,0.6163558793341793,0.4689150449564348,2018-11-11,"{""type"":""MultiPoint"",""coordinates"":[]}"
283,34.57383067623349,0.12723902309909108,0.41947136871486207,0.5272532837179795,0.47336232621642144,2018-11-16,"{""type"":""MultiPoint"",""coordinates"":[]}"
285,35.252789839056604,0.17307728235840467,0.39382451844065613,0.6092463179263095,0.5015354182007526,2018-11-26,"{""type"":""MultiPoint"",""coordinates"":[]}"
286,37.923150535768194,0.18124581477984264,0.33300923433616353,0.6185746791131411,0.4757919567118211,2018-12-01,"{""type"":""MultiPoint"",""coordinates"":[]}"
287,35.00788130518608,0.12470555736493938,0.40096288708253497,0.5142563270062754,0.45760960704440534,2018-12-06,"{""type"":""MultiPoint"",""coordinates"":[]}"
288,33.36371034646458,0.15503113297036367,0.4288921613965033,0.5615613836880121,0.495226772504575,2018-12-11,"{""type"":""MultiPoint"",""coordinates"":[]}"
290,36.38188454745513,0.16648994147064267,0.3729232587809722,0.5904307520393651,0.48167700543015485,2018-12-21,"{""type"":""MultiPoint"",""coordinates"":[]}"
291,31.688940244799454,0.15814152652889807,0.45874183933196905,0.5711789329430864,0.5149603861296932,2018-12-26,"{""type"":""MultiPoint"",""coordinates"":[]}"
293,35.844906907835814,0.15402683445569065,0.38210275177683783,0.5569489959495768,0.4695258738462489,2019-01-05,"{""type"":""MultiPoint"",""coordinates"":[]}"
294,34.53748951364448,0.14654992211555926,0.3945864772018259,0.5264220975921109,0.4605042873932011,2019-01-10,"{""type"":""MultiPoint"",""coordinates"":[]}"
295,37.289763795750886,0.13827457562629158,0.3706494865886805,0.553719985963747,0.4621847362008212,2019-01-15,"{""type"":""MultiPoint"",""coordinates"":[]}"
296,35.525422074821634,0.14288862457849166,0.3881153995654947,0.5295273351923271,0.4588213673814667,2019-01-20,"{""type"":""MultiPoint"",""coordinates"":[]}"
298,34.01127517221368,0.14065986268226388,0.4169964471366921,0.5284165222608211,0.47270648465907233,2019-01-30,"{""type"":""MultiPoint"",""coordinates"":[]}"
299,39.87341348684382,0.1399652650126139,0.3092396828562182,0.522553732389477,0.4158967076148384,2019-02-04,"{""type"":""MultiPoint"",""coordinates"":[]}"
301,40.51160525484059,0.13153169819727584,0.3023736697657189,0.5033308270593347,0.4028522483718708,2019-02-14,"{""type"":""MultiPoint"",""coordinates"":[]}"
302,43.3356639955033,0.1432453980033387,0.2352394621527516,0.5207706794684465,0.3780050708361147,2019-02-19,"{""type"":""MultiPoint"",""coordinates"":[]}"
303,44.634304066160595,0.10833821474179724,0.2439989957758581,0.476398366379735,0.3601986810777963,2019-02-24,"{""type"":""MultiPoint"",""coordinates"":[]}"
304,45.119499051573534,0.12868623982016883,0.22253066277387026,0.49567290851221,0.3591017856870331,2019-03-01,"{""type"":""MultiPoint"",""coordinates"":[]}"
306,44.33180439437,0.12350672085725072,0.23087621995086843,0.48059758644242795,0.3557369032204309,2019-03-11,"{""type"":""MultiPoint"",""coordinates"":[]}"
307,45.5883886902874,0.12315628925074602,0.213048339413087,0.4837225193675458,0.3483854293853324,2019-03-16,"{""type"":""MultiPoint"",""coordinates"":[]}"
309,43.93868282179127,0.12689547679091376,0.2373298214468927,0.48961763836741223,0.36347372988105037,2019-03-26,"{""type"":""MultiPoint"",""coordinates"":[]}"
310,45.230684161796276,0.1186272557344878,0.1998173157977338,0.4556018278653924,0.3277095718057199,2019-03-31,"{""type"":""MultiPoint"",""coordinates"":[]}"
311,44.14704953369221,0.130023088328476,0.2526875654247474,0.5336354484718471,0.3931615069442607,2019-04-05,"{""type"":""MultiPoint"",""coordinates"":[]}"
312,48.72818809860292,0.13653805655126214,0.14958820922002006,0.5108261713997815,0.330207190356321,2019-04-10,"{""type"":""MultiPoint"",""coordinates"":[]}"
314,49.54426771048315,0.13263688159745768,0.1436527350863679,0.5062220991463687,0.32493741702961465,2019-04-20,"{""type"":""MultiPoint"",""coordinates"":[]}"
317,49.39454442010446,0.12670383748157255,0.14608058629907278,0.49171183142122166,0.318896208871306,2019-05-05,"{""type"":""MultiPoint"",""coordinates"":[]}"
318,49.4449353638566,0.15617675552828406,0.12566893416670538,0.5517165888141037,0.3386927614454521,2019-05-10,"{""type"":""MultiPoint"",""coordinates"":[]}"
319,50.39108994588212,0.10201798029121181,0.1457390743141131,0.46139818079645667,0.3035686275552851,2019-05-15,"{""type"":""MultiPoint"",""coordinates"":[]}"
320,42.360010012019984,0.12856691996640116,0.2729197016523511,0.5016698405520842,0.3872947711508044,2019-05-20,"{""type"":""MultiPoint"",""coordinates"":[]}"
322,29.23951473064003,0.15745958972354865,0.48834598480222463,0.5356899807045141,0.5120179826794952,2019-05-30,"{""type"":""MultiPoint"",""coordinates"":[]}"
323,21.95706705735155,0.11639443306146162,0.6292018385545447,0.42242812787998185,0.5258149832417451,2019-06-04,"{""type"":""MultiPoint"",""coordinates"":[]}"
325,42.02480837903963,0.12675914995743973,0.2713530777832714,0.5054070447504486,0.3883800612435672,2019-06-14,"{""type"":""MultiPoint"",""coordinates"":[]}"
326,34.64333549363151,0.07800953339125596,0.4293862334676985,0.39316028836107175,0.41127326098224104,2019-06-19,"{""type"":""MultiPoint"",""coordinates"":[]}"
330,27.07575196993017,0.14411612835626147,0.5383066375360148,0.5584265984552624,0.5483666180834587,2019-07-09,"{""type"":""MultiPoint"",""coordinates"":[]}"
331,36.016367650658744,0.17569313333949685,0.36833907835996965,0.6144489421327587,0.4913940103064599,2019-07-14,"{""type"":""MultiPoint"",""coordinates"":[]}"
336,29.352141506477732,0.22258204570683102,0.5005758577139415,0.7380628847505043,0.6193193712336109,2019-08-08,"{""type"":""MultiPoint"",""coordinates"":[]}"
338,25.26306074195803,0.183174974374144,0.5747370495448884,0.6590505745361779,0.6168938120212405,2019-08-18,"{""type"":""MultiPoint"",""coordinates"":[]}"
339,35.732685903304606,0.1944271230848317,0.38861789684311887,0.6693545403845109,0.5289862186544145,2019-08-23,"{""type"":""MultiPoint"",""coordinates"":[]}"
342,32.5832609280301,0.1462758387068772,0.4308484869990781,0.56819044795377,0.49951946748493037,2019-09-07,"{""type"":""MultiPoint"",""coordinates"":[]}"
344,6.8204032655052345,0.034091456649537055,0.8607269373201811,0.3702393872682839,0.6154831622942327,2019-09-17,"{""type"":""MultiPoint"",""coordinates"":[]}"
346,17.535544112324562,0.16112089624545992,0.7062863392894361,0.5952288232775974,0.6507575813762045,2019-09-27,"{""type"":""MultiPoint"",""coordinates"":[]}"
347,36.75205177987557,0.2286151434968586,0.3530883501851309,0.737153100154829,0.5451207252511434,2019-10-02,"{""type"":""MultiPoint"",""coordinates"":[]}"
349,32.82670340679361,0.18885914962549624,0.4356459252661822,0.6552829406724894,0.5454644329732662,2019-10-12,"{""type"":""MultiPoint"",""coordinates"":[]}"
350,10.791580999105015,0.232076450224807,0.801270840048945,0.6954164208061308,0.7483436304275378,2019-10-17,"{""type"":""MultiPoint"",""coordinates"":[]}"
351,23.72133265263616,0.15942817833825101,0.5987953536376104,0.6093593517398,0.6040773526887055,2019-10-22,"{""type"":""MultiPoint"",""coordinates"":[]}"
354,34.16600251471282,0.22974629914849753,0.41116680813029016,0.7448285775357342,0.5779976928281285,2019-11-06,"{""type"":""MultiPoint"",""coordinates"":[]}"
355,37.432564695363446,0.21357067228283735,0.3602106222892495,0.70989391333757,0.5350522677535092,2019-11-11,"{""type"":""MultiPoint"",""coordinates"":[]}"
357,33.769877695076154,0.22599732921830087,0.4187125731139195,0.7343069443737124,0.5765097587662851,2019-11-21,"{""type"":""MultiPoint"",""coordinates"":[]}"
358,-77.51360709162522,0.13788309223223372,1.0,0.6100054922910768,0.8050027461455385,2019-11-26,"{""type"":""MultiPoint"",""coordinates"":[]}"
360,28.398382413107623,0.1729101307821502,0.5191379335656062,0.6283498659191531,0.5737438997875169,2019-12-06,"{""type"":""MultiPoint"",""coordinates"":[]}"
362,31.83705577844784,0.19049659346497788,0.45326546287643077,0.6451726155126428,0.5492190392167515,2019-12-16,"{""type"":""MultiPoint"",""coordinates"":[]}"
363,34.1458830071113,0.18617248670172393,0.4020059649198177,0.6264265167951183,0.514216240935093,2019-12-21,"{""type"":""MultiPoint"",""coordinates"":[]}"
365,33.19958848223315,0.1686844630599886,0.4288176036805038,0.5943604786300896,0.5115890411949892,2019-12-31,"{""type"":""MultiPoint"",""coordinates"":[]}"
366,36.332237778331454,0.17969758538441646,0.36109319459090194,0.6119091150455517,0.4865011548357056,2020-01-05,"{""type"":""MultiPoint"",""coordinates"":[]}"
368,34.76386400126876,0.16866892596214889,0.4043754718393448,0.5942590312992249,0.49931725153906725,2020-01-15,"{""type"":""MultiPoint"",""coordinates"":[]}"
370,36.564222037874465,0.16026079184395414,0.3686719867221771,0.5709029179257176,0.46978745232429986,2020-01-25,"{""type"":""MultiPoint"",""coordinates"":[]}"
371,37.02101624621628,0.14856732029336805,0.36448482057862214,0.5440449460039182,0.45426488330626497,2020-01-30,"{""type"":""MultiPoint"",""coordinates"":[]}"
373,33.57064616199111,0.14155802639987394,0.4219036959280283,0.5375318099019152,0.47971775294777,2020-02-09,"{""type"":""MultiPoint"",""coordinates"":[]}"
374,33.60653921523281,0.14741552411718142,0.4108321552129992,0.519672991524532,0.4652525733830177,2020-02-14,"{""type"":""MultiPoint"",""coordinates"":[]}"
375,42.152345440118694,0.14195449228798834,0.2864025292720865,0.5617833011797206,0.42409291526967163,2020-02-19,"{""type"":""MultiPoint"",""coordinates"":[]}"
376,37.26826332448606,0.1430356732589706,0.35337215262736826,0.5286108349379484,0.4409914937772619,2020-02-24,"{""type"":""MultiPoint"",""coordinates"":[]}"
378,38.48757210595363,0.14354671419380574,0.3392088099371498,0.5342273191903492,0.4367180645542573,2020-03-05,"{""type"":""MultiPoint"",""coordinates"":[]}"
379,42.8582244077143,0.14806584417604204,0.2563192077396659,0.5409789414863458,0.39864907457913273,2020-03-10,"{""type"":""MultiPoint"",""coordinates"":[]}"
381,45.43647532106546,0.145713459333156,0.2162829028933949,0.5387754389471561,0.37752917091310434,2020-03-20,"{""type"":""MultiPoint"",""coordinates"":[]}"
382,46.15393803062586,0.16319650522980483,0.18345667219534156,0.5695906111920915,0.37652364168692304,2020-03-25,"{""type"":""MultiPoint"",""coordinates"":[]}"
384,42.838241248677704,0.13820887248710115,0.2661793332574311,0.5295409608025377,0.39786014704988093,2020-04-04,"{""type"":""MultiPoint"",""coordinates"":[]}"
386,47.52854653801468,0.14414520688837268,0.17372677012099214,0.5328812586786326,0.353304014398758,2020-04-14,"{""type"":""MultiPoint"",""coordinates"":[]}"
387,47.99537600932521,0.14366568693361492,0.18050531234325518,0.5613357668660437,0.370920539602013,2020-04-19,"{""type"":""MultiPoint"",""coordinates"":[]}"
389,49.7447766881787,0.17399746843433922,0.1203268394315496,0.5925366314498112,0.356431735516497,2020-04-29,"{""type"":""MultiPoint"",""coordinates"":[]}"
390,43.74302702833048,0.14739684429926592,0.2267519994831942,0.5494688547762537,0.38811042706715126,2020-05-04,"{""type"":""MultiPoint"",""coordinates"":[]}"
391,51.87194266565384,0.14037035190226488,0.11806825941415335,0.5580090733009017,0.33803866636085234,2020-05-09,"{""type"":""MultiPoint"",""coordinates"":[]}"
392,25.976591279093878,0.17620899032961895,0.5459874055649029,0.5991693091318531,0.5725783573514046,2020-05-14,"{""type"":""MultiPoint"",""coordinates"":[]}"
394,45.4284102404929,0.1475965247793318,0.21553165266548563,0.5440866213880955,0.3798091369917205,2020-05-24,"{""type"":""MultiPoint"",""coordinates"":[]}"
395,32.32286070488459,-0.02931781689143321,0.4564953456865955,0.2638813131478186,0.36018832941720724,2020-05-29,"{""type"":""MultiPoint"",""coordinates"":[]}"
397,42.093052389249905,0.1522689571784507,0.2760095803516689,0.5606048326539731,0.41830720648131353,2020-06-08,"{""type"":""MultiPoint"",""coordinates"":[]}"
400,32.06168512922948,0.16299947087390793,0.4429871563118858,0.5852565370361668,0.5141218467323542,2020-06-23,"{""type"":""MultiPoint"",""coordinates"":[]}"
403,9.21330956090051,0.1079447536360519,0.7875361570402382,0.5032735986451572,0.6454048776777407,2020-07-08,"{""type"":""MultiPoint"",""coordinates"":[]}"
405,8.717069929004296,-0.040194884783260075,0.872799121610797,0.24582857582979284,0.5593138487202948,2020-07-18,"{""type"":""MultiPoint"",""coordinates"":[]}"
406,21.284091470734307,0.2095400056901954,0.6323610920164208,0.6614465155266328,0.6469038037715269,2020-07-23,"{""type"":""MultiPoint"",""coordinates"":[]}"
407,24.40614569069299,0.19684093793552057,0.5883782168647085,0.7046898124601723,0.6465340146006472,2020-07-28,"{""type"":""MultiPoint"",""coordinates"":[]}"
413,5.289307624073354,0.1985128137310937,0.8528557177467784,0.7493443888886173,0.8011000533176983,2020-08-27,"{""type"":""MultiPoint"",""coordinates"":[]}"
414,32.25988988121821,0.22395663656571485,0.43063958448865913,0.7300178235646632,0.5803287040326279,2020-09-01,"{""type"":""MultiPoint"",""coordinates"":[]}"
415,32.557262412590156,0.20924787284391735,0.442486207035319,0.7169498919071366,0.5797180494712281,2020-09-06,"{""type"":""MultiPoint"",""coordinates"":[]}"
419,36.47752924020299,0.24964902934612257,0.36980494135091324,0.7953795213910269,0.5825922313986676,2020-09-26,"{""type"":""MultiPoint"",""coordinates"":[]}"
421,32.93490925768068,0.25195408396815067,0.4383976374767365,0.7990741168604656,0.6187358771471143,2020-10-06,"{""type"":""MultiPoint"",""coordinates"":[]}"
423,28.57188103109339,0.21419605786741586,0.5293980830657901,0.7374728676995739,0.6334354755311565,2020-10-16,"{""type"":""MultiPoint"",""coordinates"":[]}"
424,28.833659090312725,0.2372893010933502,0.4966767499973562,0.7629842146688138,0.6298304823126971,2020-10-21,"{""type"":""MultiPoint"",""coordinates"":[]}"
426,36.35422894691862,0.2320805076524471,0.377009750215951,0.7532238934889909,0.5651168218367206,2020-10-31,"{""type"":""MultiPoint"",""coordinates"":[]}"
427,34.15038083410335,0.20894355756350785,0.4233062462965808,0.7144805931671089,0.5688934197202871,2020-11-05,"{""type"":""MultiPoint"",""coordinates"":[]}"
429,32.73085852774633,0.19239396608073533,0.43787264527705155,0.6474500789950101,0.5426613621320873,2020-11-15,"{""type"":""MultiPoint"",""coordinates"":[]}"
430,36.55451077462565,0.1993070805413991,0.3586105996091044,0.6664120934064324,0.5125113465671147,2020-11-20,"{""type"":""MultiPoint"",""coordinates"":[]}"
431,34.29195610791681,0.1925487031206019,0.41982795037259446,0.6744946360389137,0.5471612931799962,2020-11-25,"{""type"":""MultiPoint"",""coordinates"":[]}"
432,29.756674515925756,0.18599241708422418,0.4832869343917524,0.63638398641372,0.5598354603841483,2020-11-30,"{""type"":""MultiPoint"",""coordinates"":[]}"
434,34.129810392715285,0.18629645696550484,0.41143323684028477,0.6345020713406251,0.5229676540701594,2020-12-10,"{""type"":""MultiPoint"",""coordinates"":[]}"
435,31.03808240622477,0.17418787089937346,0.46895848174368276,0.6084653446611729,0.5387119131569306,2020-12-15,"{""type"":""MultiPoint"",""coordinates"":[]}"
437,32.19901011972237,0.17823169584363216,0.44467489574375174,0.6137122832515879,0.529193589559111,2020-12-25,"{""type"":""MultiPoint"",""coordinates"":[]}"
438,32.44325523935652,0.1533437748397487,0.43104524967681834,0.5374602183168906,0.4842527339763085,2020-12-30,"{""type"":""MultiPoint"",""coordinates"":[]}"
439,29.12694388162273,0.17806530040225638,0.5119468574959583,0.642888986824547,0.5774179223662899,2021-01-04,"{""type"":""MultiPoint"",""coordinates"":[]}"
440,34.518737810324176,0.17306619597072645,0.39821201291954944,0.5997380607965346,0.4989750368231078,2021-01-09,"{""type"":""MultiPoint"",""coordinates"":[]}"
442,35.62920845220285,0.16466984861801331,0.3902702238833354,0.5850154367436511,0.4876428302966922,2021-01-19,"{""type"":""MultiPoint"",""coordinates"":[]}"
443,34.77432345586104,0.15647357194108777,0.39950827012238477,0.561280923472984,0.48039459675869145,2021-01-24,"{""type"":""MultiPoint"",""coordinates"":[]}"
445,35.40805665872007,0.15831750803932487,0.39383856741810785,0.5721649025526658,0.4830017350099027,2021-02-03,"{""type"":""MultiPoint"",""coordinates"":[]}"
446,33.983854578272904,0.1585334294997952,0.4028149790508045,0.5571590361842671,0.4799870075535398,2021-02-08,"{""type"":""MultiPoint"",""coordinates"":[]}"
447,34.10342428879339,0.1396530590132523,0.42490155851028,0.5583316795340896,0.4916166190403859,2021-02-13,"{""type"":""MultiPoint"",""coordinates"":[]}"
448,32.67666878643591,0.13746659416364776,0.4432281804985435,0.5266781475701049,0.48495316405565286,2021-02-18,"{""type"":""MultiPoint"",""coordinates"":[]}"
450,41.29251662234823,0.1480756838496217,0.2836612072263247,0.5414992589600551,0.41258023303877756,2021-02-28,"{""type"":""MultiPoint"",""coordinates"":[]}"
451,40.93944810429709,0.14615835550639786,0.2970280040200982,0.5395419805662129,0.4182849923023192,2021-03-05,"{""type"":""MultiPoint"",""coordinates"":[]}"
453,41.7555224667761,0.14580788874461123,0.2738049297316233,0.5378496267457268,0.4058272782116331,2021-03-15,"{""type"":""MultiPoint"",""coordinates"":[]}"
455,46.89189742839244,0.14430542344125466,0.2052505398613337,0.5677025956270733,0.3864765677283082,2021-03-25,"{""type"":""MultiPoint"",""coordinates"":[]}"
456,45.243038089326994,0.15018811424437842,0.2134913875644914,0.5467141072659262,0.38010274744668743,2021-03-30,"{""type"":""MultiPoint"",""coordinates"":[]}"
458,40.19652438269995,0.13897358414005462,0.30866985371405026,0.5186152082319866,0.4136425309589944,2021-04-09,"{""type"":""MultiPoint"",""coordinates"":[]}"
459,44.21309270489425,0.1538163785009244,0.2304838581362605,0.5562139287771097,0.3933488935014768,2021-04-14,"{""type"":""MultiPoint"",""coordinates"":[]}"
461,46.080815900906856,0.15474519651150437,0.20233340205328834,0.5580660457279232,0.3801997239133993,2021-04-24,"{""type"":""MultiPoint"",""coordinates"":[]}"
462,43.88598304127107,0.1872274518413699,0.22585108852694663,0.6273671219698878,0.4266091051742071,2021-04-29,"{""type"":""MultiPoint"",""coordinates"":[]}"
463,43.76103763792784,0.12481668948974016,0.2573674247903477,0.5176997910262792,0.3875336079083134,2021-05-04,"{""type"":""MultiPoint"",""coordinates"":[]}"
464,40.15401192019238,0.175087387251887,0.28873603096247824,0.5926492961966494,0.4406926635506702,2021-05-09,"{""type"":""MultiPoint"",""coordinates"":[]}"
466,32.14275561876053,0.09598001940526159,0.46045443649082296,0.47172614576860417,0.4660902911258713,2021-05-19,"{""type"":""MultiPoint"",""coordinates"":[]}"
467,40.765135950626664,0.16046359657207873,0.3045098871852042,0.5821754087667003,0.4433426479953891,2021-05-24,"{""type"":""MultiPoint"",""coordinates"":[]}"
469,34.84092852950654,0.12759088422353068,0.4153169279846395,0.5306741194037675,0.47299552368841175,2021-06-03,"{""type"":""MultiPoint"",""coordinates"":[]}"
470,30.704763119537457,0.17918094475369345,0.4594889807914732,0.6081032966905805,0.5337961386703959,2021-06-08,"{""type"":""MultiPoint"",""coordinates"":[]}"
471,27.71004682696005,0.17733029593369257,0.5179499949854894,0.6470800219594671,0.5825150084889268,2021-06-13,"{""type"":""MultiPoint"",""coordinates"":[]}"
472,30.51934687820059,0.18582525320105647,0.4759872095257203,0.637059872625414,0.556523541087006,2021-06-18,"{""type"":""MultiPoint"",""coordinates"":[]}"
474,41.24230576866913,0.2058148185060231,0.2943127160977104,0.6906333948090518,0.4924730554887875,2021-06-28,"{""type"":""MultiPoint"",""coordinates"":[]}"
475,34.89741209704451,0.20895649471244668,0.40035548644419766,0.6976807860871945,0.5490181362949299,2021-07-03,"{""type"":""MultiPoint"",""coordinates"":[]}"
479,-15.32664657706728,0.14038797080704266,0.9986345289877346,0.5656716933230145,0.7821531111553747,2021-07-23,"{""type"":""MultiPoint"",""coordinates"":[]}"
482,19.181768440514002,0.12903812113913118,0.6722862204325645,0.5542921611111127,0.6132891907718387,2021-08-07,"{""type"":""MultiPoint"",""coordinates"":[]}"
483,24.07518533739247,0.1578258757499401,0.568234105616106,0.5991238384071808,0.5836789719435885,2021-08-12,"{""type"":""MultiPoint"",""coordinates"":[]}"
485,31.80942646093361,0.23780409077183565,0.44819948691844874,0.7667743370205584,0.6074869119829659,2021-08-22,"{""type"":""MultiPoint"",""coordinates"":[]}"
487,32.18359933820623,0.24586870400696112,0.4652035092443713,0.7882046702490583,0.6267040896990511,2021-09-01,"{""type"":""MultiPoint"",""coordinates"":[]}"
488,20.867742112624384,0.16338870777336792,0.6563813422673064,0.6175810322660912,0.6369811872666987,2021-09-06,"{""type"":""MultiPoint"",""coordinates"":[]}"
490,29.701065825129508,0.2334785973690499,0.5002639031467511,0.7489566297312653,0.6246102664287483,2021-09-16,"{""type"":""MultiPoint"",""coordinates"":[]}"
491,24.949805241538307,0.21361481319544856,0.5689401774757139,0.7080617141763241,0.6385009457768536,2021-09-21,"{""type"":""MultiPoint"",""coordinates"":[]}"
493,32.434211495749054,0.1956805455720535,0.449882473333211,0.6770968641084701,0.5634896687306168,2021-10-01,"{""type"":""MultiPoint"",""coordinates"":[]}"
494,33.28131444295338,0.22937034194413253,0.4141610413858687,0.7354579067859606,0.5748094740986783,2021-10-06,"{""type"":""MultiPoint"",""coordinates"":[]}"
496,39.596349514734534,0.2391252193146148,0.3175556570623596,0.7677345977423694,0.5426451273989241,2021-10-16,"{""type"":""MultiPoint"",""coordinates"":[]}"
498,37.06371698781108,0.2376984438725037,0.3583166732012892,0.7618882003912051,0.5601024368010624,2021-10-26,"{""type"":""MultiPoint"",""coordinates"":[]}"
499,31.30397946800418,0.19746520758050767,0.4644310749137588,0.6895090473704835,0.5769700611617706,2021-10-31,"{""type"":""MultiPoint"",""coordinates"":[]}"
500,26.797952099490267,0.2919521795130562,0.5872343816588667,0.8500781925483563,0.7186562868829868,2021-11-05,"{""type"":""MultiPoint"",""coordinates"":[]}"
501,21.65216216036144,0.24637228684975182,0.615050888992245,0.7527631989279967,0.6839070441077452,2021-11-10,"{""type"":""MultiPoint"",""coordinates"":[]}"
503,27.010103463286278,0.19797452409892305,0.5211071020940801,0.6826806412809798,0.6018938717113792,2021-11-20,"{""type"":""MultiPoint"",""coordinates"":[]}"
504,24.03982084569429,0.2106426791455601,0.599718184300102,0.7147555312548468,0.6572368577665346,2021-11-25,"{""type"":""MultiPoint"",""coordinates"":[]}"
506,30.392031052242366,0.21503233264263802,0.48161520520288054,0.7100311566364945,0.5958231808569384,2021-12-05,"{""type"":""MultiPoint"",""coordinates"":[]}"
507,27.27003589242477,0.1967051765430039,0.529238925501906,0.6572579498357963,0.5932484376068328,2021-12-10,"{""type"":""MultiPoint"",""coordinates"":[]}"
509,30.845195492381237,0.20685944349585944,0.47239269143213564,0.6855002300175707,0.5789464607901762,2021-12-20,"{""type"":""MultiPoint"",""coordinates"":[]}"
510,33.13153110913689,0.19250643786214763,0.4187302568580086,0.6455922097817071,0.5321612333068714,2021-12-25,"{""type"":""MultiPoint"",""coordinates"":[]}"
511,31.391284228626006,0.1979301402004153,0.46981556384559703,0.688375044159842,0.5790953040780077,2021-12-30,"{""type"":""MultiPoint"",""coordinates"":[]}"
512,32.69829867048773,0.19315306907685875,0.4390813860112927,0.651423000212548,0.5452521930895204,2022-01-04,"{""type"":""MultiPoint"",""coordinates"":[]}"
514,30.445232074074788,0.17837157042560078,0.47886045305391844,0.6169270866052571,0.5478937698547203,2022-01-14,"{""type"":""MultiPoint"",""coordinates"":[]}"
515,31.601625723626796,0.16741646742594654,0.4559486239302006,0.5864489949111911,0.5211988093492832,2022-01-19,"{""type"":""MultiPoint"",""coordinates"":[]}"
517,36.3339544580907,0.16091140352069164,0.373603867009386,0.5731241045022872,0.47336398572697325,2022-01-29,"{""type"":""MultiPoint"",""coordinates"":[]}"
518,35.739371715175345,0.15166846518988675,0.3717027466090897,0.5396251425162908,0.4556639445261034,2022-02-03,"{""type"":""MultiPoint"",""coordinates"":[]}"
519,40.87038494686991,0.15083880864883187,0.30815039918358156,0.5828973054860654,0.4455238523182335,2022-02-08,"{""type"":""MultiPoint"",""coordinates"":[]}"
520,36.95986519099723,0.14891837434239324,0.362052941941582,0.5435922204939564,0.45282258112416734,2022-02-13,"{""type"":""MultiPoint"",""coordinates"":[]}"
522,40.38786169118531,0.14747709391968108,0.30234052529645244,0.5390448890466326,0.4206927071976451,2022-02-23,"{""type"":""MultiPoint"",""coordinates"":[]}"
523,41.973389485123434,0.14502011532616169,0.2735940878116918,0.5337672764600544,0.4036806821690161,2022-02-28,"{""type"":""MultiPoint"",""coordinates"":[]}"
525,40.786334114513814,0.1421813065141282,0.29549781361407096,0.5257408411243876,0.4106193273663149,2022-03-10,"{""type"":""MultiPoint"",""coordinates"":[]}"
526,40.13912212852565,0.1492133969407211,0.29112882557680725,0.5320139011554844,0.41157136334673755,2022-03-15,"{""type"":""MultiPoint"",""coordinates"":[]}"
527,32.77354084732017,0.11919549594023753,0.44279556044299684,0.505313103765146,0.47405433217996884,2022-03-20,"{""type"":""MultiPoint"",""coordinates"":[]}"
528,43.48971933497495,0.1498990110979108,0.24828930867420398,0.5468508913539287,0.397570099986723,2022-03-25,"{""type"":""MultiPoint"",""coordinates"":[]}"
530,43.151377351496166,0.14324169125826047,0.25219534554035355,0.5308894026045772,0.39154237413637244,2022-04-04,"{""type"":""MultiPoint"",""coordinates"":[]}"
531,39.70596259400676,0.15296494741471559,0.31547142308160464,0.5602366012904716,0.4378540122154253,2022-04-09,"{""type"":""MultiPoint"",""coordinates"":[]}"
533,47.74124846495114,0.15713440258185066,0.17299071339506764,0.5654173499868783,0.3692040316295661,2022-04-19,"{""type"":""MultiPoint"",""coordinates"":[]}"
534,46.39434545974006,0.17137691967705554,0.1793802595441249,0.5896322812723441,0.38450627036862073,2022-04-24,"{""type"":""MultiPoint"",""coordinates"":[]}"
535,43.61476082630987,0.14700962321978342,0.2608658502996541,0.5741213655026085,0.41749360794490115,2022-04-29,"{""type"":""MultiPoint"",""coordinates"":[]}"
536,43.50247003547214,0.1601865154322606,0.24746627615145908,0.5690712748549287,0.40826877542983947,2022-05-04,"{""type"":""MultiPoint"",""coordinates"":[]}"
537,9.693875870681824,0.05006886087357997,0.9216760743779217,0.004490521961296109,0.46308329816960886,2022-05-09,"{""type"":""MultiPoint"",""coordinates"":[]}"
538,32.39938755891114,0.16786578985543868,0.4426904476032107,0.6084284196742469,0.5255594336890319,2022-05-14,"{""type"":""MultiPoint"",""coordinates"":[]}"
539,32.687860816532194,0.1689763806070654,0.44032338732477483,0.60094466466175,0.5206340259586913,2022-05-19,"{""type"":""MultiPoint"",""coordinates"":[]}"
541,39.92329843915937,0.180673527419396,0.3104158944287213,0.6245602766240794,0.4674880855192847,2022-05-29,"{""type"":""MultiPoint"",""coordinates"":[]}"
542,36.24440353341045,0.20690926751356867,0.3561950636798305,0.6353569710578281,0.4957760175221097,2022-06-03,"{""type"":""MultiPoint"",""coordinates"":[]}"
543,43.023543137835304,0.16461504666890905,0.28810834966690346,0.6022368358623256,0.4451725928596131,2022-06-08,"{""type"":""MultiPoint"",""coordinates"":[]}"
544,-9.228245957577172,0.14588510133643706,0.9790015027524641,0.5255604010971254,0.7522809519946054,2022-06-13,"{""type"":""MultiPoint"",""coordinates"":[]}"
546,2.346184389156646,0.20901994048112846,0.8970878071914259,0.6996602681745966,0.7983740379497852,2022-06-23,"{""type"":""MultiPoint"",""coordinates"":[]}"
548,19.14365246,0.08854872733354568,0.9318971507991658,0.5426811575889587,0.7372891541940623,2022-07-03,"{""type"":""MultiPoint"",""coordinates"":[]}"
550,26.58855150786257,0.0917220697584328,0.5547505590646877,0.48231065630275205,0.51853060768372,2022-07-13,"{""type"":""MultiPoint"",""coordinates"":[]}"
557,32.139658451438876,0.25177854962867385,0.44895698423627234,0.7943986176427265,0.6216778008997808,2022-08-17,"{""type"":""MultiPoint"",""coordinates"":[]}"
558,33.60377967600226,0.25944314355694537,0.40808748789867677,0.796803789168948,0.6024456385214957,2022-08-22,"{""type"":""MultiPoint"",""coordinates"":[]}"
559,14.320161726981754,0.22947382439649913,0.7929384906314868,0.7298322117332023,0.7613853502370275,2022-08-27,"{""type"":""MultiPoint"",""coordinates"":[]}"
560,10.121787936378023,0.051280232624265495,0.8085120698563978,0.4318904134801568,0.6202012416526663,2022-09-01,"{""type"":""MultiPoint"",""coordinates"":[]}"
562,-17.27990799999998,0.18600893268982568,1.0,0.4603538562854131,0.7301769281427065,2022-09-11,"{""type"":""MultiPoint"",""coordinates"":[]}"
563,12.512145648476789,0.2609205157611987,0.7867369017924086,0.8357369949872342,0.8112369483853464,2022-09-16,"{""type"":""MultiPoint"",""coordinates"":[]}"
564,18.616476483401375,0.11047351282605238,0.6393235212059258,0.48376129459121353,0.5615424078985698,2022-09-21,"{""type"":""MultiPoint"",""coordinates"":[]}"
565,28.324217381095284,0.21532305583727832,0.5049445134795275,0.7075922249569538,0.6062683692038723,2022-09-26,"{""type"":""MultiPoint"",""coordinates"":[]}"
566,41.906278748763995,0.25012285310399446,0.25938783949428285,0.7886764736524927,0.5240321566268329,2022-10-01,"{""type"":""MultiPoint"",""coordinates"":[]}"
567,35.96571240809735,0.2050234000261676,0.41888287617077646,0.7331203567232988,0.5760016164470374,2022-10-06,"{""type"":""MultiPoint"",""coordinates"":[]}"
570,33.35254651571367,0.22912757731648073,0.4276931954251453,0.7485675287653288,0.588130362054172,2022-10-21,"{""type"":""MultiPoint"",""coordinates"":[]}"
571,33.928926900836366,0.233194717537684,0.41711218267685995,0.7538349626553952,0.5854735725743824,2022-10-26,"{""type"":""MultiPoint"",""coordinates"":[]}"
572,28.24910638609054,0.24999458277699502,0.4979120279276945,0.7201921359341382,0.6090520820297592,2022-10-31,"{""type"":""MultiPoint"",""coordinates"":[]}"
573,39.14309648947258,0.21854996664234358,0.32636058895226094,0.7184038550324712,0.5223822220035024,2022-11-05,"{""type"":""MultiPoint"",""coordinates"":[]}"
574,36.62527766089416,0.2150849847654907,0.3553745683352381,0.7018513064695939,0.5286129374058005,2022-11-10,"{""type"":""MultiPoint"",""coordinates"":[]}"
575,30.597538762183365,0.1985606657309392,0.4791381867706092,0.6735076153718166,0.5763229010903512,2022-11-15,"{""type"":""MultiPoint"",""coordinates"":[]}"
576,32.87155344795222,0.1893717868862197,0.43563380100200455,0.6587237476200967,0.5471787742692559,2022-11-20,"{""type"":""MultiPoint"",""coordinates"":[]}"
578,33.09735243556861,0.19995276965234737,0.43129048709665174,0.6685731090619034,0.5499317980816267,2022-11-30,"{""type"":""MultiPoint"",""coordinates"":[]}"
579,29.70713822005866,0.19121394576881479,0.48815659835496866,0.6429452818869721,0.5655509401160013,2022-12-05,"{""type"":""MultiPoint"",""coordinates"":[]}"
581,36.733833438264064,0.1962506768109567,0.36662810056446615,0.6591659454735235,0.5128970229995707,2022-12-15,"{""type"":""MultiPoint"",""coordinates"":[]}"
582,31.32833603872114,0.1849229533799071,0.4589831601105405,0.6312315864710667,0.5451073732782865,2022-12-20,"{""type"":""MultiPoint"",""coordinates"":[]}"
583,29.39244281188934,0.17957360558025431,0.5018389966536055,0.619758530963055,0.5607987638079464,2022-12-25,"{""type"":""MultiPoint"",""coordinates"":[]}"
584,36.75394729893396,0.18665146268055607,0.3665035009096068,0.6346783927542127,0.5005909468821885,2022-12-30,"{""type"":""MultiPoint"",""coordinates"":[]}"
585,26.649858215986605,0.11839447644864126,0.5584257258589239,0.5064369174012618,0.5324313216300932,2023-01-04,"{""type"":""MultiPoint"",""coordinates"":[]}"
586,30.103351565110966,0.17528890619468562,0.48620883021599137,0.6069891399128952,0.5465989850722673,2023-01-09,"{""type"":""MultiPoint"",""coordinates"":[]}"
587,35.51337233845368,0.16924373443706606,0.3888829762864469,0.5925338316138548,0.4907084039369187,2023-01-14,"{""type"":""MultiPoint"",""coordinates"":[]}"
588,25.69977816955959,0.14025054839664655,0.5834222371410125,0.5642714141465537,0.5738468256437831,2023-01-19,"{""type"":""MultiPoint"",""coordinates"":[]}"
589,32.460742443553734,0.16308790669057355,0.44277408959888376,0.578252760838703,0.5105134252104436,2023-01-24,"{""type"":""MultiPoint"",""coordinates"":[]}"
590,33.99136273566966,0.16455771955047263,0.40544455672453317,0.5794161894774453,0.4924303730271298,2023-01-29,"{""type"":""MultiPoint"",""coordinates"":[]}"
591,37.58220819373133,0.15434506751700805,0.36294661303141307,0.5887150982983501,0.47583085565547395,2023-02-03,"{""type"":""MultiPoint"",""coordinates"":[]}"
592,38.721894981506445,0.15574604690478575,0.33357043979833556,0.5598493452815804,0.446709892548964,2023-02-08,"{""type"":""MultiPoint"",""coordinates"":[]}"
593,26.766418682031418,0.14874398933107988,0.5479789678514863,0.5559318787817826,0.5519554233645941,2023-02-13,"{""type"":""MultiPoint"",""coordinates"":[]}"
594,39.335111242656744,0.1486269369689836,0.3223299954856725,0.5414924796837,0.43191123758830774,2023-02-18,"{""type"":""MultiPoint"",""coordinates"":[]}"
595,41.02652167114694,0.14799737884102765,0.29062629497607767,0.540359921973463,0.415493108517132,2023-02-23,"{""type"":""MultiPoint"",""coordinates"":[]}"
596,30.207048938143576,0.1132995071709232,0.496920825821735,0.4918887916664166,0.4944048087440758,2023-02-28,"{""type"":""MultiPoint"",""coordinates"":[]}"
597,36.3875346551374,0.1337973674260905,0.37367549232177727,0.5045519216608259,0.43911370701330127,2023-03-05,"{""type"":""MultiPoint"",""coordinates"":[]}"
598,43.76114694091679,0.15537939248199864,0.22686160381728784,0.5483001462761584,0.38758087501001126,2023-03-10,"{""type"":""MultiPoint"",""coordinates"":[]}"
599,34.042556869593355,0.10100824655042652,0.4271330653919067,0.5056780488218905,0.4664055568895113,2023-03-15,"{""type"":""MultiPoint"",""coordinates"":[]}"
600,42.42510343020755,0.15387293134903432,0.2674509210416502,0.555351806272386,0.41140136368961466,2023-03-20,"{""type"":""MultiPoint"",""coordinates"":[]}"
601,31.234792822364632,0.1417842143966524,0.46969507812610484,0.5435724021358364,0.5066337400997186,2023-03-25,"{""type"":""MultiPoint"",""coordinates"":[]}"
602,45.025816585043664,0.15363372909320605,0.2215501116693463,0.5557761840439579,0.3886631478494168,2023-03-30,"{""type"":""MultiPoint"",""coordinates"":[]}"
603,39.25136643824801,0.16330373356853173,0.3253892795604637,0.5872783253820237,0.45633380241044313,2023-04-04,"{""type"":""MultiPoint"",""coordinates"":[]}"
604,39.76125496141669,0.09871299228057157,0.356043064004794,0.4863329065513341,0.4211879852780642,2023-04-09,"{""type"":""MultiPoint"",""coordinates"":[]}"
605,42.19707504951256,0.148633591787153,0.2737518028968085,0.5454067708401632,0.4095792868756808,2023-04-14,"{""type"":""MultiPoint"",""coordinates"":[]}"
606,32.000612967442684,0.14756208684187977,0.4339262924592254,0.4843259977942362,0.4591261450716173,2023-04-19,"{""type"":""MultiPoint"",""coordinates"":[]}"
607,49.86261342684851,0.14766490133600563,0.15146816109733502,0.5728419065186052,0.3621550338181373,2023-04-24,"{""type"":""MultiPoint"",""coordinates"":[]}"
608,44.01813492483267,0.1655290998986816,0.23399993932079646,0.5847282917696872,0.40936411547403495,2023-04-29,"{""type"":""MultiPoint"",""coordinates"":[]}"
609,24.656880435823318,0.13958520821185882,0.5579528310165875,0.543721153443254,0.550836992291176,2023-05-04,"{""type"":""MultiPoint"",""coordinates"":[]}"
610,34.862166461750775,0.18331374851930468,0.39794265721285144,0.6216999469119571,0.5098213021104561,2023-05-09,"{""type"":""MultiPoint"",""coordinates"":[]}"
611,51.52450968562626,0.17778581304281768,0.1048363530643898,0.615023247792365,0.35992980044740025,2023-05-14,"{""type"":""MultiPoint"",""coordinates"":[]}"
613,43.4339512405937,0.18176102023943544,0.2481820860030648,0.6270181708953583,0.43760012847357904,2023-05-24,"{""type"":""MultiPoint"",""coordinates"":[]}"
614,41.301373804177665,0.19747137093679776,0.2723216078802755,0.6528674030396964,0.46259450538529356,2023-05-29,"{""type"":""MultiPoint"",""coordinates"":[]}"
615,42.229794476810504,0.16835195246897908,0.27876835151418144,0.5999469870139202,0.43935766928790765,2023-06-03,"{""type"":""MultiPoint"",""coordinates"":[]}"
616,35.90817739136337,0.1725567475587444,0.3798224517035742,0.611445099372527,0.49563377546395615,2023-06-08,"{""type"":""MultiPoint"",""coordinates"":[]}"
617,33.22675166432967,0.1053417946914979,0.4661627063255059,0.5063247963198457,0.486243751322676,2023-06-13,"{""type"":""MultiPoint"",""coordinates"":[]}"
618,34.30581814080687,0.14846229810557232,0.40769196385563117,0.5495258570176833,0.4786089104298913,2023-06-18,"{""type"":""MultiPoint"",""coordinates"":[]}"
619,16.96280106037582,0.18307011039537815,0.6811104647466969,0.6040487053604684,0.6425795850795624,2023-06-23,"{""type"":""MultiPoint"",""coordinates"":[]}"
623,23.16714663642343,0.14985348629598017,0.589314008780296,0.5614210695920081,0.5753675391813569,2023-07-13,"{""type"":""MultiPoint"",""coordinates"":[]}"
627,32.247153600953844,0.17895779392920147,0.45856952350068597,0.6533243245037379,0.5559469239507271,2023-08-02,"{""type"":""MultiPoint"",""coordinates"":[]}"
628,14.867639220617226,0.1821131309130011,0.7613623786560726,0.6362994630927059,0.6988309209333391,2023-08-07,"{""type"":""MultiPoint"",""coordinates"":[]}"
629,29.537863033694425,0.20758464240114213,0.494677636708357,0.6921045704608296,0.5933911035600309,2023-08-12,"{""type"":""MultiPoint"",""coordinates"":[]}"
630,36.87900544320006,0.22390145595363292,0.34978417170912846,0.7205379272901645,0.5351610494540049,2023-08-17,"{""type"":""MultiPoint"",""coordinates"":[]}"
631,42.28932903797239,0.20098893152248304,0.28291266892844064,0.6979672530349915,0.4904399609609667,2023-08-22,"{""type"":""MultiPoint"",""coordinates"":[]}"
632,29.940242458825782,0.20420352233416558,0.4852040555103895,0.6947698034702199,0.5899869295357937,2023-08-27,"{""type"":""MultiPoint"",""coordinates"":[]}"
634,28.849036315721403,0.2289868479356875,0.5059896415179148,0.744091727749547,0.6250406846398547,2023-09-06,"{""type"":""MultiPoint"",""coordinates"":[]}"
635,29.015061121487747,0.221077632859822,0.4888996218728515,0.7208974277838707,0.6048985249185462,2023-09-11,"{""type"":""MultiPoint"",""coordinates"":[]}"
637,-5.4165379666700915,0.2324764985765359,0.9472919252010082,0.7818703469111519,0.8645811360826311,2023-09-21,"{""type"":""MultiPoint"",""coordinates"":[]}"
638,26.729291998829574,0.17771524164119928,0.5499063699575921,0.6240100279467116,0.5869581990498948,2023-09-26,"{""type"":""MultiPoint"",""coordinates"":[]}"
639,14.090265364050763,0.10766447623620552,0.7689397808286395,0.5203229976570494,0.6446313891908059,2023-10-01,"{""type"":""MultiPoint"",""coordinates"":[]}"
640,42.87724090158039,0.2363897773200514,0.2595881131123596,0.7622393289187703,0.5109137209745203,2023-10-06,"{""type"":""MultiPoint"",""coordinates"":[]}"
642,42.19883296133058,0.23264239447927482,0.26938196576351614,0.7553300088850105,0.512355987343507,2023-10-16,"{""type"":""MultiPoint"",""coordinates"":[]}"
643,40.74233381510818,0.2188400610562201,0.2960662457115852,0.719285000274265,0.5076756230039835,2023-10-21,"{""type"":""MultiPoint"",""coordinates"":[]}"
645,35.0645692116439,0.22378823158900496,0.38959920568576917,0.7288971478728059,0.5592481767582287,2023-10-31,"{""type"":""MultiPoint"",""coordinates"":[]}"
646,29.48207450849092,0.19336887630566058,0.4862006303100537,0.6562292647992383,0.5712149475232042,2023-11-05,"{""type"":""MultiPoint"",""coordinates"":[]}"
647,30.762882548572875,0.21139461895234316,0.5082701802870563,0.7455088122412863,0.6268894964337792,2023-11-10,"{""type"":""MultiPoint"",""coordinates"":[]}"
648,37.05261303939148,0.215920232449545,0.3621497646907245,0.7101932636935329,0.5361715142182323,2023-11-15,"{""type"":""MultiPoint"",""coordinates"":[]}"
649,16.956451448530387,0.1375638984528746,0.7163932626818582,0.5649217196118119,0.6406574911468342,2023-11-20,"{""type"":""MultiPoint"",""coordinates"":[]}"
650,34.0902649505109,0.19892132097699736,0.42504048351301754,0.684569834144396,0.5548051588374554,2023-11-25,"{""type"":""MultiPoint"",""coordinates"":[]}"
651,28.01867930397503,0.2032903597473662,0.5110955266576814,0.6739046598763825,0.5925000932120678,2023-11-30,"{""type"":""MultiPoint"",""coordinates"":[]}"
653,33.25175115054443,0.20371697379896234,0.43008221933353546,0.6779044397466089,0.5539933294733592,2023-12-10,"{""type"":""MultiPoint"",""coordinates"":[]}"
654,31.298613210643907,0.17628364287357967,0.4799458728538768,0.650772831062683,0.5653593518422474,2023-12-15,"{""type"":""MultiPoint"",""coordinates"":[]}"
655,27.57530876783098,0.1612467169229781,0.538120293097849,0.6060730779317473,0.5720966854318649,2023-12-20,"{""type"":""MultiPoint"",""coordinates"":[]}"
656,30.41779022125029,0.17757105045937666,0.4794738451676534,0.6130950913553797,0.5462844682555852,2023-12-25,"{""type"":""MultiPoint"",""coordinates"":[]}"
657,20.43824581770102,0.1672206595551124,0.6499028579373848,0.5743233341812104,0.6121130960487641,2023-12-30,"{""type"":""MultiPoint"",""coordinates"":[]}"
658,32.02930665934171,0.17707409297849613,0.449068656264237,0.6102263725568687,0.5296475143949712,2024-01-04,"{""type"":""MultiPoint"",""coordinates"":[]}"
659,35.952475573280545,0.176171287236745,0.3806303340208722,0.6113989558832247,0.49601464498502634,2024-01-09,"{""type"":""MultiPoint"",""coordinates"":[]}"
661,36.567263271878595,0.16869358702667903,0.3711368621009363,0.5928667452798427,0.48200180373368806,2024-01-19,"{""type"":""MultiPoint"",""coordinates"":[]}"
662,33.51050685965541,0.16668864187772275,0.4096413952423075,0.5765648119482782,0.4931031035431083,2024-01-24,"{""type"":""MultiPoint"",""coordinates"":[]}"
663,37.380629810374,0.1495135330656658,0.3665517947396672,0.5785681127861934,0.47255995379848387,2024-01-29,"{""type"":""MultiPoint"",""coordinates"":[]}"
664,39.9928238075124,0.15734344624147623,0.3100838706205976,0.5641452299472972,0.4371145501649552,2024-02-03,"{""type"":""MultiPoint"",""coordinates"":[]}"
666,34.49772699353793,0.14978683936033935,0.4085182113513507,0.5469588956093345,0.4777385534657783,2024-02-13,"{""type"":""MultiPoint"",""coordinates"":[]}"
667,43.24170727602654,0.15037811015968466,0.2518232266807418,0.5465458550023284,0.39918454078427273,2024-02-18,"{""type"":""MultiPoint"",""coordinates"":[]}"
669,43.718932809413104,0.14890634670830244,0.24364188316861768,0.5427819695907928,0.39321192639158103,2024-02-28,"{""type"":""MultiPoint"",""coordinates"":[]}"
670,42.74243105130976,0.15205937634309777,0.24541537550889886,0.538214630284677,0.39181500288404403,2024-03-04,"{""type"":""MultiPoint"",""coordinates"":[]}"
671,44.91555301306206,0.13680238404563763,0.23672571186445557,0.5475350978955142,0.39213040493997947,2024-03-09,"{""type"":""MultiPoint"",""coordinates"":[]}"
672,44.87898152018924,0.14263632966273845,0.222273065896334,0.5271387239535756,0.37470589491367856,2024-03-14,"{""type"":""MultiPoint"",""coordinates"":[]}"
674,43.763922291290044,0.14479411539552844,0.24290246251132538,0.5327939265521943,0.38784819449055224,2024-03-24,"{""type"":""MultiPoint"",""coordinates"":[]}"
675,49.836085113675935,0.14552653154965056,0.13454936964359215,0.5344975172879374,0.33452344343750484,2024-03-29,"{""type"":""MultiPoint"",""coordinates"":[]}"
677,46.1269143023081,0.14537632327459749,0.2002574882164425,0.533682051816553,0.36696977000591613,2024-04-08,"{""type"":""MultiPoint"",""coordinates"":[]}"
678,35.68594530518489,0.16881933083977924,0.36718465390457977,0.5502199950830706,0.45870232435688535,2024-04-13,"{""type"":""MultiPoint"",""coordinates"":[]}"
679,51.15300374646535,0.14309598568334875,0.12998982863093717,0.563470184574689,0.34673000663248144,2024-04-18,"{""type"":""MultiPoint"",""coordinates"":[]}"
680,49.494703981362925,0.15682554432733595,0.14249727908015397,0.5640059094088338,0.35325159427205205,2024-04-23,"{""type"":""MultiPoint"",""coordinates"":[]}"
682,51.158321316204294,0.15303032042349465,0.11176985596343646,0.5547629632752203,0.3332664095741534,2024-05-03,"{""type"":""MultiPoint"",""coordinates"":[]}"
683,48.424955710709746,0.15727772718739833,0.1625955004866577,0.5667314226011828,0.364663461624213,2024-05-08,"{""type"":""MultiPoint"",""coordinates"":[]}"
685,32.184595222067884,0.17265473946012008,0.44048344298657677,0.6167723054592559,0.5286278741402236,2024-05-18,"{""type"":""MultiPoint"",""coordinates"":[]}"
686,23.19367889543428,0.2188988277903228,0.5975867966846898,0.6561767354858031,0.6268817660778349,2024-05-23,"{""type"":""MultiPoint"",""coordinates"":[]}"
687,33.33052651006996,0.14577007332990063,0.44958186923974014,0.5610585315018447,0.5053202005241164,2024-05-28,"{""type"":""MultiPoint"",""coordinates"":[]}"
688,33.98990947954383,0.2005904636076679,0.3981444842370748,0.6518873092239521,0.5250158966489737,2024-06-02,"{""type"":""MultiPoint"",""coordinates"":[]}"
691,30.966542197172576,0.20828449433154242,0.44969454028256506,0.6828118415410107,0.5662531908602786,2024-06-17,"{""type"":""MultiPoint"",""coordinates"":[]}"
693,22.47428853435162,0.1935257572174318,0.6237780359007532,0.674962903359524,0.6493704697821187,2024-06-27,"{""type"":""MultiPoint"",""coordinates"":[]}"
695,15.464925133887965,0.23111821728757737,0.7200886020859119,0.7618900417376396,0.740989321870317,2024-07-07,"{""type"":""MultiPoint"",""coordinates"":[]}"
699,25.76218545439507,0.2314406580763407,0.5795493804223435,0.7752319092832142,0.6773906446749273,2024-07-27,"{""type"":""MultiPoint"",""coordinates"":[]}"
709,28.39694582954422,0.2681066405805341,0.5124270337525482,0.8286695760590359,0.670548304866243,2024-09-15,"{""type"":""MultiPoint"",""coordinates"":[]}"
712,39.00756004334835,0.25429012046443106,0.31922466643559394,0.8048368134191106,0.5620307399532585,2024-09-30,"{""type"":""MultiPoint"",""coordinates"":[]}"
717,37.37308896042135,0.25773513538619,0.3554075948910681,0.8098569472783117,0.5826322711245177,2024-10-25,"{""type"":""MultiPoint"",""coordinates"":[]}"
718,32.28897289685157,0.23311019189295623,0.4343111405861554,0.7564800326239524,0.5953955865173215,2024-10-30,"{""type"":""MultiPoint"",""coordinates"":[]}"
719,33.40521134497494,0.2439815015931732,0.43005971915603614,0.7998843457607449,0.6149720324928903,2024-11-04,"{""type"":""MultiPoint"",""coordinates"":[]}"
720,34.81955160902008,0.25205761606116883,0.4012760543448635,0.7966338213686772,0.5989549378088476,2024-11-09,"{""type"":""MultiPoint"",""coordinates"":[]}"
722,33.096894588064735,0.2417763243286565,0.43137563820034563,0.7722008466863385,0.6017882424532288,2024-11-19,"{""type"":""MultiPoint"",""coordinates"":[]}"
723,30.679628242997047,0.22184095728346784,0.48144446108202843,0.7302451779987748,0.6058448194858117,2024-11-24,"{""type"":""MultiPoint"",""coordinates"":[]}"
725,34.26846863518173,0.1851694399794864,0.41405911145253405,0.6479461486236774,0.5310026300384936,2024-12-04,"{""type"":""MultiPoint"",""coordinates"":[]}"
726,29.05742197425469,0.19539516990819036,0.49197560294373394,0.6694151057855561,0.5806953543800395,2024-12-09,"{""type"":""MultiPoint"",""coordinates"":[]}"
727,33.091612992810695,0.20368434747557035,0.4426448788231179,0.7064359027333159,0.5745403908405647,2024-12-14,"{""type"":""MultiPoint"",""coordinates"":[]}"
728,33.532938691922446,0.19684656738687498,0.431520122158033,0.6827107824513915,0.557115452256538,2024-12-19,"{""type"":""MultiPoint"",""coordinates"":[]}"
730,35.636593722563866,0.18959470222849975,0.38682279194255287,0.6441887345844983,0.515505763299619,2024-12-29,"{""type"":""MultiPoint"",""coordinates"":[]}"
731,34.61545336765284,0.17875710101490933,0.4044288572018057,0.6173659345192757,0.5108973958441928,2025-01-03,"{""type"":""MultiPoint"",""coordinates"":[]}"
733,33.15331167434182,0.1726238862581816,0.4271595947591338,0.6041916125126813,0.5156756036426225,2025-01-13,"{""type"":""MultiPoint"",""coordinates"":[]}"
734,35.105033151346056,0.17300798267909576,0.3830718966115284,0.5950914606056618,0.4890816785867393,2025-01-18,"{""type"":""MultiPoint"",""coordinates"":[]}"
735,36.34758720945883,0.15644878519949798,0.38455075648587916,0.5953366236919053,0.489943690067432,2025-01-23,"{""type"":""MultiPoint"",""coordinates"":[]}"
736,37.70761426868357,0.1614055407210202,0.35099463457129076,0.5754363741359356,0.463215504374091,2025-01-28,"{""type"":""MultiPoint"",""coordinates"":[]}"
738,39.500139371002305,0.1588338933724957,0.3181704716571909,0.5688761336074234,0.4435233026495273,2025-02-07,"{""type"":""MultiPoint"",""coordinates"":[]}"
739,40.98176105850933,0.15408848527814004,0.2924603674747044,0.5568194548972427,0.4246399111484176,2025-02-12,"{""type"":""MultiPoint"",""coordinates"":[]}"
741,40.92669655039305,0.15428884644231045,0.2926167068416638,0.5568522868671171,0.4247344967775747,2025-02-22,"{""type"":""MultiPoint"",""coordinates"":[]}"
742,36.447319459208245,0.1537690207883333,0.37485845049703326,0.5502149613407972,0.46253670602819935,2025-02-27,"{""type"":""MultiPoint"",""coordinates"":[]}"
743,43.7968409803052,0.13707219871745038,0.28184708422053484,0.5605450274541111,0.4211960558455723,2025-03-04,"{""type"":""MultiPoint"",""coordinates"":[]}"
744,42.818556446659244,0.15438455037877707,0.259544463913232,0.556780604491146,0.40816253424716964,2025-03-09,"{""type"":""MultiPoint"",""coordinates"":[]}"
746,44.49085955724308,0.1538951329516518,0.22940472405862972,0.5554095966819221,0.39240716040028223,2025-03-19,"{""type"":""MultiPoint"",""coordinates"":[]}"
747,44.89362991713224,0.15790633459582235,0.22263868555557534,0.565752187099829,0.3941954363647734,2025-03-24,"{""type"":""MultiPoint"",""coordinates"":[]}"
749,45.63253622438885,0.16520944621710368,0.21032662971037397,0.5843061964364236,0.3973164130552301,2025-04-03,"{""type"":""MultiPoint"",""coordinates"":[]}"
750,43.4306948454251,0.1690285291881929,0.23223099171117156,0.5765238663923525,0.4043774289370413,2025-04-08,"{""type"":""MultiPoint"",""coordinates"":[]}"
751,47.38695912505096,0.14934153712439113,0.1946592383965663,0.5775293783948671,0.3860943084020431,2025-04-13,"{""type"":""MultiPoint"",""coordinates"":[]}"
752,41.10729580054501,0.15786437617793275,0.29687949409960923,0.5809514078844891,0.43891545094446405,2025-04-18,"{""type"":""MultiPoint"",""coordinates"":[]}"
754,42.76484762102625,0.172721697873621,0.26124700547780444,0.6026301942654269,0.43193859992995043,2025-04-28,"{""type"":""MultiPoint"",""coordinates"":[]}"
755,48.046450422015326,0.17439481549345753,0.1674157493842151,0.6070026752290892,0.38720921218460297,2025-05-03,"{""type"":""MultiPoint"",""coordinates"":[]}"
757,36.1146394089036,0.2033754060242229,0.3476188380225729,0.6689272501334802,0.5082730440471752,2025-05-13,"{""type"":""MultiPoint"",""coordinates"":[]}"
760,28.66521036808851,0.1896673053973201,0.5227317039157705,0.6520681197625525,0.5873999117232327,2025-05-28,"{""type"":""MultiPoint"",""coordinates"":[]}"
762,37.37535099134589,0.19771950930799723,0.36783240104683723,0.6783034196570767,0.523067910316337,2025-06-07,"{""type"":""MultiPoint"",""coordinates"":[]}"
768,23.325113974336464,0.20119511763241266,0.6223024837481996,0.7009078805465057,0.6616051822391187,2025-07-07,"{""type"":""MultiPoint"",""coordinates"":[]}"
779,28.759321185220866,0.26564673391567656,0.5153746352069273,0.8485250350808173,0.6819498351293019,2025-08-31,"{""type"":""MultiPoint"",""coordinates"":[]}"
